Problem Name, Correct, Correct Answer, Prediction 1, Prediction 2, Prediction 3
0520fde7,False,"[[2, 0, 2], [0, 0, 0], [0, 0, 0]]",empty
1cf80156,True,"[[0, 0, 6, 6, 6, 6], [0, 0, 6, 0, 0, 0], [6, 0, 6, 0, 0, 0], [6, 6, 6, 6, 0, 0]]","[[0, 0, 6, 6, 6, 6], [0, 0, 6, 0, 0, 0], [6, 0, 6, 0, 0, 0], [6, 6, 6, 6, 0, 0]]","[[0, 0, 6, 6, 6, 6], [0, 0, 6, 0, 0, 0], [6, 0, 6, 0, 0, 0], [6, 6, 6, 6, 0, 0]]","[[6, 6, 6, 6], [6, 0, 0, 0], [6, 0, 0, 0], [6, 6, 0, 0]]"
28e73c20,False,"[[3, 3, 3, 3, 3, 3, 3, 3, 3, 3, 3, 3, 3, 3, 3, 3, 3, 3], [0, 0, 0, 0, 0, 0, 0, 0, 0, 0, 0, 0, 0, 0, 0, 0, 0, 3], [3, 3, 3, 3, 3, 3, 3, 3, 3, 3, 3, 3, 3, 3, 3, 3, 0, 3], [3, 0, 0, 0, 0, 0, 0, 0, 0, 0, 0, 0, 0, 0, 0, 3, 0, 3], [3, 0, 3, 3, 3, 3, 3, 3, 3, 3, 3, 3, 3, 3, 0, 3, 0, 3], [3, 0, 3, 0, 0, 0, 0, 0, 0, 0, 0, 0, 0, 3, 0, 3, 0, 3], [3, 0, 3, 0, 3, 3, 3, 3, 3, 3, 3, 3, 0, 3, 0, 3, 0, 3], [3, 0, 3, 0, 3, 0, 0, 0, 0, 0, 0, 3, 0, 3, 0, 3, 0, 3], [3, 0, 3, 0, 3, 0, 3, 3, 3, 3, 0, 3, 0, 3, 0, 3, 0, 3], [3, 0, 3, 0, 3, 0, 3, 0, 3, 3, 0, 3, 0, 3, 0, 3, 0, 3], [3, 0, 3, 0, 3, 0, 3, 0, 0, 0, 0, 3, 0, 3, 0, 3, 0, 3], [3, 0, 3, 0, 3, 0, 3, 3, 3, 3, 3, 3, 0, 3, 0, 3, 0, 3], [3, 0, 3, 0, 3, 0, 0, 0, 0, 0, 0, 0, 0, 3, 0, 3, 0, 3], [3, 0, 3, 0, 3, 3, 3, 3, 3, 3, 3, 3, 3, 3, 0, 3, 0, 3], [3, 0, 3, 0, 0, 0, 0, 0, 0, 0, 0, 0, 0, 0, 0, 3, 0, 3], [3, 0, 3, 3, 3, 3, 3, 3, 3, 3, 3, 3, 3, 3, 3, 3, 0, 3], [3, 0, 0, 0, 0, 0, 0, 0, 0, 0, 0, 0, 0, 0, 0, 0, 0, 3], [3, 3, 3, 3, 3, 3, 3, 3, 3, 3, 3, 3, 3, 3, 3, 3, 3, 3]]",empty
4347f46a,True,"[[0, 0, 0, 0, 0, 0, 0, 0, 0, 0, 0, 0, 0, 0, 0, 0, 0, 0, 0], [0, 8, 8, 8, 8, 8, 8, 0, 0, 0, 0, 6, 6, 6, 6, 0, 0, 0, 0], [0, 8, 0, 0, 0, 0, 8, 0, 0, 0, 0, 6, 0, 0, 6, 0, 0, 0, 0], [0, 8, 8, 8, 8, 8, 8, 0, 0, 0, 0, 6, 6, 6, 6, 0, 0, 0, 0], [0, 0, 0, 0, 0, 0, 0, 0, 0, 0, 0, 0, 0, 0, 0, 0, 0, 0, 0], [0, 0, 4, 4, 4, 4, 4, 4, 0, 0, 0, 0, 0, 0, 0, 0, 0, 0, 0], [0, 0, 4, 0, 0, 0, 0, 4, 0, 0, 1, 1, 1, 1, 1, 1, 1, 1, 0], [0, 0, 4, 0, 0, 0, 0, 4, 0, 0, 1, 0, 0, 0, 0, 0, 0, 1, 0], [0, 0, 4, 0, 0, 0, 0, 4, 0, 0, 1, 0, 0, 0, 0, 0, 0, 1, 0], [0, 0, 4, 0, 0, 0, 0, 4, 0, 0, 1, 0, 0, 0, 0, 0, 0, 1, 0], [0, 0, 4, 0, 0, 0, 0, 4, 0, 0, 1, 0, 0, 0, 0, 0, 0, 1, 0], [0, 0, 4, 4, 4, 4, 4, 4, 0, 0, 1, 1, 1, 1, 1, 1, 1, 1, 0], [0, 0, 0, 0, 0, 0, 0, 0, 0, 0, 0, 0, 0, 0, 0, 0, 0, 0, 0], [0, 0, 0, 0, 0, 3, 3, 3, 3, 3, 0, 0, 0, 0, 0, 0, 0, 0, 0], [0, 0, 0, 0, 0, 3, 0, 0, 0, 3, 0, 0, 0, 0, 0, 0, 0, 0, 0], [0, 0, 0, 0, 0, 3, 3, 3, 3, 3, 0, 0, 0, 0, 0, 0, 0, 0, 0], [0, 0, 0, 0, 0, 0, 0, 0, 0, 0, 0, 0, 0, 0, 0, 0, 0, 0, 0]]","[[0, 0, 0, 0, 0, 0, 0, 0, 0, 0, 0, 0, 0, 0, 0, 0, 0, 0, 0], [0, 8, 8, 8, 8, 8, 8, 0, 0, 0, 0, 6, 6, 6, 6, 0, 0, 0, 0], [0, 8, 0, 0, 0, 0, 8, 0, 0, 0, 0, 6, 0, 0, 6, 0, 0, 0, 0], [0, 8, 8, 8, 8, 8, 8, 0, 0, 0, 0, 6, 6, 6, 6, 0, 0, 0, 0], [0, 0, 0, 0, 0, 0, 0, 0, 0, 0, 0, 0, 0, 0, 0, 0, 0, 0, 0], [0, 0, 4, 4, 4, 4, 4, 4, 0, 0, 0, 0, 0, 0, 0, 0, 0, 0, 0], [0, 0, 4, 0, 0, 0, 0, 4, 0, 0, 1, 1, 1, 1, 1, 1, 1, 1, 0], [0, 0, 4, 0, 0, 0, 0, 4, 0, 0, 1, 0, 0, 0, 0, 0, 0, 1, 0], [0, 0, 4, 0, 0, 0, 0, 4, 0, 0, 1, 0, 0, 0, 0, 0, 0, 1, 0], [0, 0, 4, 0, 0, 0, 0, 4, 0, 0, 1, 0, 0, 0, 0, 0, 0, 1, 0], [0, 0, 4, 0, 0, 0, 0, 4, 0, 0, 1, 0, 0, 0, 0, 0, 0, 1, 0], [0, 0, 4, 4, 4, 4, 4, 4, 0, 0, 1, 1, 1, 1, 1, 1, 1, 1, 0], [0, 0, 0, 0, 0, 0, 0, 0, 0, 0, 0, 0, 0, 0, 0, 0, 0, 0, 0], [0, 0, 0, 0, 0, 3, 3, 3, 3, 3, 0, 0, 0, 0, 0, 0, 0, 0, 0], [0, 0, 0, 0, 0, 3, 0, 0, 0, 3, 0, 0, 0, 0, 0, 0, 0, 0, 0], [0, 0, 0, 0, 0, 3, 3, 3, 3, 3, 0, 0, 0, 0, 0, 0, 0, 0, 0], [0, 0, 0, 0, 0, 0, 0, 0, 0, 0, 0, 0, 0, 0, 0, 0, 0, 0, 0]]","[[0, 0, 0, 0, 0, 0, 0, 0, 0, 0, 0, 0, 0, 0, 0, 0, 0, 0, 0], [0, 8, 8, 8, 8, 8, 8, 0, 0, 0, 0, 6, 6, 6, 6, 0, 0, 0, 0], [0, 8, 0, 0, 0, 0, 8, 0, 0, 0, 0, 6, 0, 0, 6, 0, 0, 0, 0], [0, 8, 8, 8, 8, 8, 8, 0, 0, 0, 0, 6, 6, 6, 6, 0, 0, 0, 0], [0, 0, 0, 0, 0, 0, 0, 0, 0, 0, 0, 0, 0, 0, 0, 0, 0, 0, 0], [0, 0, 4, 4, 4, 4, 4, 4, 0, 0, 0, 0, 0, 0, 0, 0, 0, 0, 0], [0, 0, 4, 0, 0, 0, 0, 4, 0, 0, 1, 1, 1, 1, 1, 1, 1, 1, 0], [0, 0, 4, 0, 0, 0, 0, 4, 0, 0, 1, 0, 0, 0, 0, 0, 0, 1, 0], [0, 0, 4, 0, 0, 0, 0, 4, 0, 0, 1, 0, 0, 0, 0, 0, 0, 1, 0], [0, 0, 4, 0, 0, 0, 0, 4, 0, 0, 1, 0, 0, 0, 0, 0, 0, 1, 0], [0, 0, 4, 0, 0, 0, 0, 4, 0, 0, 1, 0, 0, 0, 0, 0, 0, 1, 0], [0, 0, 4, 4, 4, 4, 4, 4, 0, 0, 1, 1, 1, 1, 1, 1, 1, 1, 0], [0, 0, 0, 0, 0, 0, 0, 0, 0, 0, 0, 0, 0, 0, 0, 0, 0, 0, 0], [0, 0, 0, 0, 0, 3, 3, 3, 3, 3, 0, 0, 0, 0, 0, 0, 0, 0, 0], [0, 0, 0, 0, 0, 3, 0, 0, 0, 3, 0, 0, 0, 0, 0, 0, 0, 0, 0], [0, 0, 0, 0, 0, 3, 3, 3, 3, 3, 0, 0, 0, 0, 0, 0, 0, 0, 0], [0, 0, 0, 0, 0, 0, 0, 0, 0, 0, 0, 0, 0, 0, 0, 0, 0, 0, 0]]","[[0, 0, 0, 0, 0, 0, 0, 0, 0, 0, 0, 0, 0, 0, 0, 0, 0, 0, 0], [0, 8, 8, 8, 8, 8, 8, 0, 0, 0, 0, 0, 0, 0, 0, 0, 0, 0, 0], [0, 8, 0, 0, 0, 0, 8, 0, 0, 0, 0, 0, 0, 0, 0, 0, 0, 0, 0], [0, 8, 8, 8, 8, 8, 8, 0, 0, 0, 0, 0, 0, 0, 0, 0, 0, 0, 0], [0, 0, 0, 0, 0, 0, 0, 0, 0, 0, 0, 0, 0, 0, 0, 0, 0, 0, 0], [0, 0, 4, 4, 4, 4, 4, 4, 0, 0, 0, 0, 0, 0, 0, 0, 0, 0, 0], [0, 0, 4, 0, 0, 0, 0, 4, 0, 0, 0, 0, 0, 0, 0, 0, 0, 0, 0], [0, 0, 4, 0, 0, 0, 0, 4, 0, 0, 0, 0, 0, 0, 0, 0, 0, 0, 0], [0, 0, 4, 0, 0, 0, 0, 4, 0, 0, 0, 0, 0, 0, 0, 0, 0, 0, 0], [0, 0, 4, 0, 0, 0, 0, 4, 0, 0, 0, 0, 0, 0, 0, 0, 0, 0, 0], [0, 0, 4, 0, 0, 0, 0, 4, 0, 0, 0, 0, 0, 0, 0, 0, 0, 0, 0], [0, 0, 4, 4, 4, 4, 4, 4, 0, 0, 0, 0, 0, 0, 0, 0, 0, 0, 0], [0, 0, 0, 0, 0, 0, 0, 0, 0, 0, 0, 0, 0, 0, 0, 0, 0, 0, 0], [0, 0, 0, 0, 0, 3, 3, 3, 3, 3, 0, 0, 0, 0, 0, 0, 0, 0, 0], [0, 0, 0, 0, 0, 3, 0, 0, 0, 3, 0, 0, 0, 0, 0, 0, 0, 0, 0], [0, 0, 0, 0, 0, 3, 3, 3, 3, 3, 0, 0, 0, 0, 0, 0, 0, 0, 0], [0, 0, 0, 0, 0, 0, 0, 0, 0, 0, 0, 0, 0, 0, 0, 0, 0, 0, 0]]"
6150a2bd,True,"[[0, 0, 4], [0, 8, 6], [5, 3, 6]]","[[0, 0, 4], [0, 8, 6], [5, 3, 6]]","[[6, 3, 5], [6, 8, 0], [4, 0, 0]]","[[0, 0, 4], [0, 8, 6], [5, 3, 6]]"
623ea044,False,"[[0, 0, 0, 0, 0, 6, 0, 0, 0, 0, 0, 0, 0, 0, 0, 0, 0], [0, 0, 0, 0, 0, 0, 6, 0, 0, 0, 0, 0, 0, 0, 0, 0, 0], [0, 0, 0, 0, 0, 0, 0, 6, 0, 0, 0, 0, 0, 0, 0, 0, 0], [0, 0, 0, 0, 0, 0, 0, 0, 6, 0, 0, 0, 0, 0, 0, 0, 6], [0, 0, 0, 0, 0, 0, 0, 0, 0, 6, 0, 0, 0, 0, 0, 6, 0], [0, 0, 0, 0, 0, 0, 0, 0, 0, 0, 6, 0, 0, 0, 6, 0, 0], [0, 0, 0, 0, 0, 0, 0, 0, 0, 0, 0, 6, 0, 6, 0, 0, 0], [0, 0, 0, 0, 0, 0, 0, 0, 0, 0, 0, 0, 6, 0, 0, 0, 0], [0, 0, 0, 0, 0, 0, 0, 0, 0, 0, 0, 6, 0, 6, 0, 0, 0], [0, 0, 0, 0, 0, 0, 0, 0, 0, 0, 6, 0, 0, 0, 6, 0, 0], [0, 0, 0, 0, 0, 0, 0, 0, 0, 6, 0, 0, 0, 0, 0, 6, 0], [0, 0, 0, 0, 0, 0, 0, 0, 6, 0, 0, 0, 0, 0, 0, 0, 6], [0, 0, 0, 0, 0, 0, 0, 6, 0, 0, 0, 0, 0, 0, 0, 0, 0], [0, 0, 0, 0, 0, 0, 6, 0, 0, 0, 0, 0, 0, 0, 0, 0, 0], [0, 0, 0, 0, 0, 6, 0, 0, 0, 0, 0, 0, 0, 0, 0, 0, 0], [0, 0, 0, 0, 6, 0, 0, 0, 0, 0, 0, 0, 0, 0, 0, 0, 0], [0, 0, 0, 6, 0, 0, 0, 0, 0, 0, 0, 0, 0, 0, 0, 0, 0]]",empty
6430c8c4,False,"[[0, 0, 0, 0], [3, 0, 0, 0], [0, 3, 0, 0], [0, 0, 0, 3]]",empty
b1948b0a,True,"[[2, 7, 7, 2], [2, 7, 2, 7], [7, 7, 7, 2], [7, 2, 7, 2]]","[[2, 7, 7, 2], [2, 7, 2, 7], [7, 7, 7, 2], [7, 2, 7, 2]]","[[2, 7, 7, 2], [2, 7, 2, 7], [7, 7, 7, 2], [7, 2, 7, 2]]","[[2, 7, 7, 2], [2, 7, 2, 7], [7, 7, 7, 2], [7, 2, 7, 2]]"
b94a9452,True,"[[8, 8, 8, 8, 8, 8], [8, 8, 8, 8, 8, 8], [8, 8, 3, 3, 8, 8], [8, 8, 3, 3, 8, 8], [8, 8, 8, 8, 8, 8], [8, 8, 8, 8, 8, 8]]","[[8, 8, 8, 8, 8, 8], [8, 8, 8, 8, 8, 8], [8, 8, 3, 3, 8, 8], [8, 8, 3, 3, 8, 8], [8, 8, 8, 8, 8, 8], [8, 8, 8, 8, 8, 8]]","[[3, 3, 3, 3, 3, 3], [3, 3, 3, 3, 3, 3], [3, 3, 8, 8, 3, 3], [3, 3, 8, 8, 3, 3], [3, 3, 3, 3, 3, 3], [3, 3, 3, 3, 3, 3]]"
ce22a75a,False,"[[0, 0, 0, 0, 0, 0, 1, 1, 1], [0, 0, 0, 0, 0, 0, 1, 1, 1], [0, 0, 0, 0, 0, 0, 1, 1, 1], [1, 1, 1, 0, 0, 0, 1, 1, 1], [1, 1, 1, 0, 0, 0, 1, 1, 1], [1, 1, 1, 0, 0, 0, 1, 1, 1], [1, 1, 1, 0, 0, 0, 0, 0, 0], [1, 1, 1, 0, 0, 0, 0, 0, 0], [1, 1, 1, 0, 0, 0, 0, 0, 0]]",empty
ce4f8723,False,"[[3, 3, 3, 0], [3, 0, 3, 0], [0, 3, 0, 3], [3, 3, 3, 0]]",empty
d687bc17,False,"[[0, 4, 4, 4, 4, 4, 4, 4, 4, 4, 4, 4, 4, 4, 4, 4, 0], [1, 0, 0, 0, 0, 0, 0, 0, 4, 0, 0, 0, 0, 0, 4, 0, 2], [1, 1, 0, 0, 0, 0, 0, 0, 0, 0, 0, 0, 0, 0, 0, 0, 2], [1, 0, 0, 0, 0, 0, 0, 0, 0, 0, 0, 0, 0, 0, 0, 2, 2], [1, 0, 0, 0, 0, 0, 0, 0, 0, 0, 0, 0, 0, 0, 0, 0, 2], [1, 1, 0, 0, 0, 0, 0, 0, 0, 0, 0, 0, 0, 0, 0, 0, 2], [1, 0, 0, 0, 0, 0, 0, 0, 0, 0, 0, 0, 0, 0, 0, 0, 2], [1, 0, 0, 0, 0, 0, 0, 0, 0, 0, 0, 0, 0, 0, 0, 2, 2], [1, 0, 0, 0, 0, 0, 0, 0, 0, 0, 0, 0, 0, 0, 0, 0, 2], [1, 0, 0, 0, 0, 0, 0, 0, 0, 0, 0, 0, 0, 0, 0, 0, 2], [1, 1, 0, 0, 0, 0, 0, 0, 0, 0, 0, 0, 0, 0, 0, 0, 2], [1, 0, 0, 0, 0, 0, 0, 0, 0, 0, 0, 0, 0, 0, 0, 0, 2], [1, 0, 0, 8, 0, 0, 0, 8, 0, 0, 0, 0, 0, 8, 0, 0, 2], [0, 8, 8, 8, 8, 8, 8, 8, 8, 8, 8, 8, 8, 8, 8, 8, 0]]",empty
ed36ccf7,True,"[[0, 0, 5], [0, 0, 5], [0, 5, 0]]","[[0, 0, 5], [0, 0, 5], [0, 5, 0]]","[[5, 5, 0], [0, 0, 5], [0, 0, 0]]","[[0, 5, 0], [5, 0, 0], [5, 0, 0]]"
f25ffba3,True,"[[7, 1, 4, 4], [7, 1, 3, 3], [7, 1, 3, 0], [7, 1, 0, 0], [0, 1, 0, 0], [0, 1, 0, 0], [7, 1, 0, 0], [7, 1, 3, 0], [7, 1, 3, 3], [7, 1, 4, 4]]","[[7, 1, 4, 4], [7, 1, 3, 3], [7, 1, 3, 0], [7, 1, 0, 0], [0, 1, 0, 0], [0, 1, 0, 0], [7, 1, 0, 0], [7, 1, 3, 0], [7, 1, 3, 3], [7, 1, 4, 4]]","[[7, 1, 4, 4], [7, 1, 3, 3], [7, 1, 3, 0], [7, 1, 0, 0], [0, 1, 0, 0], [0, 1, 0, 0], [7, 1, 0, 0], [7, 1, 3, 0], [7, 1, 3, 3], [7, 1, 4, 4]]","[[7, 1, 4, 4], [7, 1, 3, 3], [7, 1, 3, 0], [7, 1, 0, 0], [0, 1, 0, 0], [0, 1, 0, 0], [7, 1, 0, 0], [7, 1, 3, 0], [7, 1, 3, 3], [7, 1, 4, 4]]"
f2829549,False,"[[3, 0, 3], [0, 0, 0], [0, 3, 3], [0, 0, 0]]",empty
f76d97a5,True,"[[0, 0, 0, 3, 0], [0, 3, 0, 0, 0], [0, 3, 3, 0, 3], [0, 0, 0, 3, 0], [3, 3, 3, 0, 0]]","[[0, 0, 0, 3, 0], [0, 3, 0, 0, 0], [0, 3, 3, 0, 3], [0, 0, 0, 3, 0], [3, 3, 3, 0, 0]]","[[3, 3, 3, 0, 3], [3, 0, 3, 3, 3], [3, 0, 0, 3, 0], [3, 3, 3, 0, 3], [0, 0, 0, 3, 3]]","[[0, 0, 0, 3, 0], [0, 3, 0, 0, 0], [0, 3, 3, 0, 3], [0, 0, 0, 3, 0], [3, 3, 3, 0, 0]]"
